{
    "accuracy": 0.6795523906408952,
    "precision": 0.6294416243654822,
    "recall": 0.33879781420765026,
    "f1_score": 0.4404973357015986
}
