{
    "accuracy": 0.6844512195121951,
    "precision": 0.6528925619834711,
    "recall": 0.3237704918032787,
    "f1_score": 0.4328767123287671
}